{"cameraMode":{"drawMode":0,"name":"Shaded","section":"Shading Mode"},"sceneLighting":false,"audioPlay":false,"sceneViewState":{"showFog":true,"showMaterialUpdate":true,"showSkybox":false,"showFlares":true,"showImageEffects":true,"showParticleSystems":true},"in2DMode":false,"pivot":{"x":1.8299999237060547,"y":-8.220000267028809,"z":-8.109999656677246},"rotation":{"x":-0.15855146944522859,"y":0.1378411501646042,"z":-0.02235107496380806,"w":-0.9774411916732788},"size":0.8660253882408142,"orthographic":false}