{"cameraMode":{"drawMode":0,"name":"Shaded","section":"Shading Mode"},"sceneLighting":false,"audioPlay":false,"sceneViewState":{"showFog":true,"showMaterialUpdate":true,"showSkybox":false,"showFlares":true,"showImageEffects":true,"showParticleSystems":true},"in2DMode":false,"pivot":{"x":2.380000114440918,"y":-23.84000015258789,"z":-8.529999732971192},"rotation":{"x":-0.15855146944522859,"y":0.1378411501646042,"z":-0.02235107496380806,"w":-0.9774411916732788},"size":2.1724209785461427,"orthographic":false}